<?xml version="1.0" encoding="UTF-8" standalone="yes"?>
<addon id="repository.noobsandnerds" name="noobsandnerds Repository" version="2.2" provider-name="noobsandnerds">
        <extension point="xbmc.addon.repository" name="noobsandnerds Repository">
                <dir>
                        <info compressed="false">https://raw.githubusercontent.com/noobsandnerds/modules4all/master/zips/addons.xml</info>
                        <checksum>https://raw.githubusercontent.com/noobsandnerds/modules4all/master/zips/addons.xml.md5</checksum>
                        <datadir zip="true">https://raw.githubusercontent.com/noobsandnerds/modules4all/master/zips/</datadir>
                </dir>
                <dir>
                        <info compressed="true">https://github.com/dandy0850/dandymedia/raw/master/addons.xml</info>
                        <checksum>https://github.com/dandy0850/dandymedia/raw/master/addons.xml.md5</checksum>
                        <datadir zip="true">https://github.com/dandy0850/dandymedia/raw/master/repo</datadir>
                </dir>
                <dir>
                        <info compressed="false">https://github.com/OpenELEQ/repository.elysium/raw/master/elysium.xml</info>
                        <checksum>https://github.com/OpenELEQ/repository.elysium/raw/master/elysium.xml.md5</checksum>
                        <datadir zip="true">https://raw.github.com/OpenELEQ/repository.elysium/master/</datadir>
                </dir>
                        <dir>
                        <info compressed="true">https://raw.githubusercontent.com/catchup4kodi/catchup4kodi/master/zips/addons.xml</info>
                        <checksum>https://raw.githubusercontent.com/catchup4kodi/catchup4kodi/master/zips/addons.xml.md5</checksum>
                        <datadir zip="true">https://raw.githubusercontent.com/catchup4kodi/catchup4kodi/master/zips/</datadir>
                </dir>
                <dir>
                        <info compressed="false">https://raw.githubusercontent.com/midraal/repository.midraal/master/zips/addons.xml</info>
                        <checksum>https://raw.githubusercontent.com/midraal/repository.midraal/master/zips/addons.xml.md5</checksum>
                        <datadir zip="true">https://raw.github.com/midraal/repository.midraal/master/zips/</datadir>
                </dir>
                <info compressed="false">https://raw.githubusercontent.com/noobsandnerds/noobsandnerds/master/zips/addons.xml</info>
                <checksum>https://raw.githubusercontent.com/noobsandnerds/noobsandnerds/master/zips/addons.xml.md5</checksum>
                <datadir zip="true">https://raw.githubusercontent.com/noobsandnerds/noobsandnerds/master/zips/</datadir>
        </extension>
        <extension point="xbmc.addon.metadata">
                <summary>Home of The Community Portal</summary>
                <description>Visit www.noobsandnerds.com and become a part of our great family, you get to choose what The Community Portal holds!</description>
                <platform>all</platform>
        </extension>
</addon>
