<?xml version="1.0" encoding="UTF-8"?>
    <addon id="repository.jupiterone" name="Jupiter One" version="0.1.0" provider-name="Kodi4">
        <requires>
            <import addon="xbmc.addon" version="12.0.0"/>
        </requires>
        <extension point="xbmc.addon.repository" name="Jupiter One">
            <info compressed="false">http://onlinetvez.000webhostapp.com/_repo/addons.xml</info>
            <checksum>http://onlinetvez.000webhostapp.com/_repo/addons.xml.md5</checksum>
            <datadir zip="true">http://onlinetvez.000webhostapp.com/_repo/</datadir>
            <hashes>false</hashes>
        </extension>
        <extension point="xbmc.addon.metadata">
            <summary>Jupiter One Build Wizard</summary>
            <description>Jupiter One Repository contains the Jupiter One build and other builds</description>
            <platform>all</platform>
    </extension>
</addon>