<addon id="plugin.video.1channel" version="3.0.00" name="[COLOR lime]1Channel[/COLOR]" provider-name="apep">
    <requires>
        <import addon="xbmc.python" version="2.1.0"/>
        <import addon="script.module.urlresolver" version="3.0"/>
        <import addon="script.module.addon.common" version="2.0.0" />
        <import addon="script.module.metahandler" version="2.6.0" />
        <import addon="script.module.myconnpy" version="1.1.6" />
        <import addon="script.module.axel.downloader" version="0.2.0" optional="true"/>
    </requires>
    <extension point="xbmc.python.pluginsource" library="default.py">
        <provides>video</provides>
    </extension>
    <extension point="xbmc.service" library="service.py" start="startup">
    </extension>
    <extension point="xbmc.addon.metadata">
		<summary lang="en">Thank You For Installing 1Channel Fix, Remember This Addon Scrapes Nothing Is Hosted, With That Said This Will Be A Fun Journey So Join Us As We Make This Your New Loved Addon</summary>
		<description lang="en">[COLOR lime][B]Welcome To 1Channel[/B][/COLOR] [CR]Watch movies and TV shows in high quality! [CR]Please note that this addon is not an official part of the Kodi media player</description>
		<disclaimer lang="en">[COLOR yellow]The author does not host any content, nor is he affiliated with any of the content providers.[/COLOR]</disclaimer>
		<platform>all</platform>
		<forum></forum>
		<website></website>
		<source></source>
		<news>This is a Fixed 1Channel</news>
    </extension>
</addon>