<searchtypes>
	<search id="movies" label="30000" target="video" visible="Library.HasContent(Movies)" default="titles.xml" explorable="True">
		<field label="556">title</field>
		<field label="207">plot</field>
		<field label="20337">actor</field>
		<field label="20339">director</field>
		<field label="20417">writers</field>
	</search>
	<search id="tvshows" label="30001" target="video" visible="Library.HasContent(TVShows)" default="titles.xml" explorable="True">
		<field label="556">title</field>
		<field label="207">plot</field>
		<field label="20337">actor</field>
		<field label="20417">writers</field>
	</search>
	<search id="episodes" label="30002" target="video" visible="Library.HasContent(TVShows)" default="titles.xml" explorable="False">
		<field label="556">title</field>
		<field label="207">plot</field>
	</search>
	<search id="musicvideos" label="30003" target="video" visible="Library.HasContent(MusicVideos)" default="titles.xml" explorable="True">
		<field label="556">title</field>
		<field label="557">artist</field>
		<field label="558">album</field>
		<field label="20339">director</field>
	</search>
	<search id="music" label="30004" target="music" visible="Library.HasContent(Music)" default="songs.xml" explorable="True">
		<field label="557">artist</field>
		<field label="558">album</field>
		<field label="179">title</field>
	</search>
</searchtypes>