<?xml version="1.0" encoding="UTF-8" standalone="yes"?>
<addon id="plugin.program.jupiteronewizard" name="JupiterOne Wizard" version="0.1.0" provider-name="Kodi4">
  <requires>
    <import addon="xbmc.python" version="2.1.0"/>
  </requires>
  <extension point="xbmc.python.pluginsource" library="default.py">
    <provides>executable</provides>
  </extension>
  <extension point="xbmc.service" library="startup.py" start="startup" />
  <extension point="xbmc.addon.metadata">
    <summary lang="en">JupiterOne Wizard</summary>
    <description lang="en">JupiterOne Wizard allows you to get access to the latest Kodi4 Custom Builds.</description>
    <platform>all</platform>
  </extension>
</addon>