﻿<?xml version="1.0" encoding="UTF-8" standalone="yes"?>
<addon id="plugin.library.search" name="Library Search" version="0.0.8" provider-name="Ignoble61">
    <requires>
        <import addon="xbmc.python" version="2.25.0"/>
    </requires>
    <extension point="xbmc.python.pluginsource" library="plugin.py">
        <provides>executable</provides>
    </extension>
    <extension point="xbmc.addon.metadata">
        <platform>all</platform>
        <news>Show simple results by default, explore on the context menu</news>
        <summary lang="en">Library search script</summary>
        <description lang="en">Library search script built on Kodi nodes, allowing the results to be shown in the normal library views</description>
        <license>GNU GENERAL PUBLIC LICENSE. Version 2, June 1991</license>
        <language/>
        <forum>http://forum.kodi.tv/showthread.php?tid=302739</forum>
        <website/>
        <source>https://github.com/Ignoble61/plugin.library.search</source>
        <email/>
        <assets>
            <icon>icon.png</icon>
            <screenshot>resources/screenshots/screenshot-01.png</screenshot>
            <screenshot>resources/screenshots/screenshot-02.png</screenshot>
            <screenshot>resources/screenshots/screenshot-03.png</screenshot>
            <screenshot>resources/screenshots/screenshot-04.png</screenshot>
            <screenshot>resources/screenshots/screenshot-05.png</screenshot>
            <screenshot>resources/screenshots/screenshot-06.png</screenshot>
            <screenshot>resources/screenshots/screenshot-07.png</screenshot>
            <screenshot>resources/screenshots/screenshot-08.png</screenshot>
        </assets>
    </extension>
</addon>
