<?xml version="1.0" encoding="UTF-8" standalone="yes"?>
<addon id="script.1channel.themepak" version="0.0.8" name="1Channel Themepak" provider-name="k3l3vra">
    <requires>
        <import addon="kodi.resource" version="1.0.0"/>
    </requires>
    <extension point="kodi.resource.images" compile="false" type="themepak" />
    <extension point="xbmc.addon.metadata">
        <summary>Themes for the 1Channel/PrimeWire Addon</summary>
        <description>Themes for 1Channel are maintained separately to make distribution of the the addon itself easier/faster.</description>
        <platform>all</platform>
    </extension>
</addon>
